N_reuses,saved_query_cost,build_refresh_cost,kind
0,0,100,ILLUSTRATIVE ONLY — NOT BENCHMARK DATA
10,20,100,ILLUSTRATIVE ONLY — NOT BENCHMARK DATA
20,40,100,ILLUSTRATIVE ONLY — NOT BENCHMARK DATA
30,60,100,ILLUSTRATIVE ONLY — NOT BENCHMARK DATA
40,80,100,ILLUSTRATIVE ONLY — NOT BENCHMARK DATA
50,100,100,ILLUSTRATIVE ONLY — NOT BENCHMARK DATA
60,120,100,ILLUSTRATIVE ONLY — NOT BENCHMARK DATA
70,140,100,ILLUSTRATIVE ONLY — NOT BENCHMARK DATA
80,160,100,ILLUSTRATIVE ONLY — NOT BENCHMARK DATA
90,180,100,ILLUSTRATIVE ONLY — NOT BENCHMARK DATA
100,200,100,ILLUSTRATIVE ONLY — NOT BENCHMARK DATA
