question_id,axis,short_question,google_answer,evidence_or_metric,follow_up,device_hook,owner,status
KQ-01,"1, 4","긴 문맥에서 “저장량”이 아니라 “이해 가능한 상태”의 충분조건은 무엇인가?",,,,DBQ-01,,
KQ-02,"2, 3","Mutable recurrent state를 prefix KV처럼 안전하게 재사용할 수 있는가?",,,,"DBQ-02, DBQ-04",,
KQ-03,"2, 3","Prefill·decode·update를 분리하면 실제 crossover는 어디에 생기는가?",,,,"DBQ-03, DBQ-04, DBQ-10",,
KQ-04,"4, 5","기억이 계속 늘어날 때, 성장은 필수인가 아니면 bounded policy로 대체 가능한가?",,,,DBQ-06,,
KQ-05,"4, 5, 6","Wake에서 Sleep으로 넘겨야 할 최소 충분 artifact는 무엇인가?",,,,"DBQ-05, DBQ-07, DBQ-08",,
KQ-06,"6","Sleep-time compute를 독립 scaling 축으로 만들 수 있는가?",,,,"DBQ-09, DBQ-10",,
BQ-01,"3, 5, 6","고정 주기 update는 어떤 사건을 놓치며, event-triggered memorization이 가능한가?",,,,DBQ-03,,
BQ-02,"2, 5","어떤 parameter/state 공간에서 평균·soup·merge가 의미를 보존하는가?",,,,"DBQ-02, DBQ-06",,
BQ-03,"1, 4","모델이 정보를 “사용했다”가 아니라 memory에 “실제로 넣었다”는 것을 어떻게 증명할까?",,,,"DBQ-01, DBQ-05",,
BQ-04,"4, 5","CMS의 update frequency는 수동 hyperparameter인가, 학습해야 할 memory policy인가?",,,,DBQ-03,,
BQ-05,"3","“훈련 병렬화 가능”과 “대규모 pre-training에서 경제적” 사이의 빈틈은 무엇인가?",,,,"DBQ-03, DBQ-10",,
BQ-06,"2, 4, 5","Parametric memory의 provenance·삭제·버전 관리는 어떻게 할 것인가?",,,,"DBQ-04, DBQ-08",,
BQ-07,"4, 6","Dreaming이 새 지식을 만드는가, 오류와 편향을 증폭하는가?",,,,"DBQ-08, DBQ-09",,
BQ-08,"1, 3, 4, 6","Retrieval benchmark를 넘어 wake–sleep memory system 전체를 어떻게 평가할 것인가?",,,,"DBQ-01, DBQ-09",,
